Method,Name,Error,Occurrences,First Seen,Last Seen
GET,views:list,"ConnectTimeoutError(<HTTPConnection(host='localhost', port=8000) at 0x111b36e50>, 'Connection to localhost timed out. (connect timeout=None)')",1,2026-05-16T15:05:50Z,2026-05-16T15:05:50Z
GET,views:list,"ConnectTimeoutError(<HTTPConnection(host='localhost', port=8000) at 0x1116d6a50>, 'Connection to localhost timed out. (connect timeout=None)')",1,2026-05-16T15:05:41Z,2026-05-16T15:05:41Z
GET,views:list,"ConnectTimeoutError(<HTTPConnection(host='localhost', port=8000) at 0x111d3c850>, 'Connection to localhost timed out. (connect timeout=None)')",1,2026-05-16T15:05:59Z,2026-05-16T15:05:59Z
GET,cached-stats:no-target,"ConnectTimeoutError(<HTTPConnection(host='localhost', port=8000) at 0x111997a50>, 'Connection to localhost timed out. (connect timeout=None)')",1,2026-05-16T15:05:47Z,2026-05-16T15:05:47Z
GET,announcements:list,"ConnectTimeoutError(<HTTPConnection(host='localhost', port=8000) at 0x111d3db50>, 'Connection to localhost timed out. (connect timeout=None)')",1,2026-05-16T15:05:59Z,2026-05-16T15:05:59Z
GET,cached-stats:no-target,"ConnectTimeoutError(<HTTPConnection(host='localhost', port=8000) at 0x111c1b950>, 'Connection to localhost timed out. (connect timeout=None)')",1,2026-05-16T15:05:56Z,2026-05-16T15:05:56Z
GET,views:popular,"ConnectTimeoutError(<HTTPConnection(host='localhost', port=8000) at 0x1116d4a50>, 'Connection to localhost timed out. (connect timeout=None)')",1,2026-05-16T15:05:41Z,2026-05-16T15:05:41Z
GET,announcements:list,"ConnectTimeoutError(<HTTPConnection(host='localhost', port=8000) at 0x111bf5d50>, 'Connection to localhost timed out. (connect timeout=None)')",1,2026-05-16T15:05:55Z,2026-05-16T15:05:55Z
GET,views:list,"ConnectTimeoutError(<HTTPConnection(host='localhost', port=8000) at 0x111ae1f50>, 'Connection to localhost timed out. (connect timeout=None)')",1,2026-05-16T15:05:49Z,2026-05-16T15:05:49Z
GET,views:list,"ConnectTimeoutError(<HTTPConnection(host='localhost', port=8000) at 0x11125b950>, 'Connection to localhost timed out. (connect timeout=None)')",1,2026-05-16T15:05:38Z,2026-05-16T15:05:38Z
GET,views:list,"ConnectTimeoutError(<HTTPConnection(host='localhost', port=8000) at 0x11125b250>, 'Connection to localhost timed out. (connect timeout=None)')",1,2026-05-16T15:05:39Z,2026-05-16T15:05:39Z
GET,views:list,"ConnectTimeoutError(<HTTPConnection(host='localhost', port=8000) at 0x111eb4e50>, 'Connection to localhost timed out. (connect timeout=None)')",1,2026-05-16T15:06:06Z,2026-05-16T15:06:06Z
GET,views:list,"ConnectTimeoutError(<HTTPConnection(host='localhost', port=8000) at 0x111ae0350>, 'Connection to localhost timed out. (connect timeout=None)')",1,2026-05-16T15:05:49Z,2026-05-16T15:05:49Z
GET,views:list,"ConnectTimeoutError(<HTTPConnection(host='localhost', port=8000) at 0x111bf5c50>, 'Connection to localhost timed out. (connect timeout=None)')",1,2026-05-16T15:05:54Z,2026-05-16T15:05:54Z
GET,announcements:list,"ConnectTimeoutError(<HTTPConnection(host='localhost', port=8000) at 0x111bf4350>, 'Connection to localhost timed out. (connect timeout=None)')",1,2026-05-16T15:05:55Z,2026-05-16T15:05:55Z
GET,views:list,"ConnectTimeoutError(<HTTPConnection(host='localhost', port=8000) at 0x111ae0150>, 'Connection to localhost timed out. (connect timeout=None)')",1,2026-05-16T15:05:50Z,2026-05-16T15:05:50Z
GET,views:popular,"ConnectTimeoutError(<HTTPConnection(host='localhost', port=8000) at 0x111b35350>, 'Connection to localhost timed out. (connect timeout=None)')",1,2026-05-16T15:05:50Z,2026-05-16T15:05:50Z
GET,cached-stats:no-target,"ConnectTimeoutError(<HTTPConnection(host='localhost', port=8000) at 0x1119fce50>, 'Connection to localhost timed out. (connect timeout=None)')",1,2026-05-16T15:05:47Z,2026-05-16T15:05:47Z
GET,views:list,"ConnectTimeoutError(<HTTPConnection(host='localhost', port=8000) at 0x110fa4550>, 'Connection to localhost timed out. (connect timeout=None)')",1,2026-05-16T15:05:41Z,2026-05-16T15:05:41Z
GET,cached-stats:no-target,"ConnectTimeoutError(<HTTPConnection(host='localhost', port=8000) at 0x110fa7d50>, 'Connection to localhost timed out. (connect timeout=None)')",1,2026-05-16T15:05:46Z,2026-05-16T15:05:46Z
GET,views:popular,"ConnectTimeoutError(<HTTPConnection(host='localhost', port=8000) at 0x111ce6150>, 'Connection to localhost timed out. (connect timeout=None)')",1,2026-05-16T15:05:58Z,2026-05-16T15:05:58Z
GET,views:popular,"ConnectTimeoutError(<HTTPConnection(host='localhost', port=8000) at 0x1116d5d50>, 'Connection to localhost timed out. (connect timeout=None)')",1,2026-05-16T15:05:41Z,2026-05-16T15:05:41Z
GET,views:popular,"ConnectTimeoutError(<HTTPConnection(host='localhost', port=8000) at 0x111eb4a50>, 'Connection to localhost timed out. (connect timeout=None)')",1,2026-05-16T15:06:06Z,2026-05-16T15:06:06Z
GET,views:list,"ConnectTimeoutError(<HTTPConnection(host='localhost', port=8000) at 0x111514e50>, 'Connection to localhost timed out. (connect timeout=None)')",1,2026-05-16T15:05:37Z,2026-05-16T15:05:37Z
GET,cached-stats:no-target,"ConnectTimeoutError(<HTTPConnection(host='localhost', port=8000) at 0x111e48150>, 'Connection to localhost timed out. (connect timeout=None)')",1,2026-05-16T15:06:03Z,2026-05-16T15:06:03Z
GET,views:list,"ConnectTimeoutError(<HTTPConnection(host='localhost', port=8000) at 0x111a4a050>, 'Connection to localhost timed out. (connect timeout=None)')",1,2026-05-16T15:05:47Z,2026-05-16T15:05:47Z
GET,views:list,"ConnectTimeoutError(<HTTPConnection(host='localhost', port=8000) at 0x111a4a250>, 'Connection to localhost timed out. (connect timeout=None)')",1,2026-05-16T15:05:48Z,2026-05-16T15:05:48Z
GET,views:list,"ConnectTimeoutError(<HTTPConnection(host='localhost', port=8000) at 0x111bf6750>, 'Connection to localhost timed out. (connect timeout=None)')",1,2026-05-16T15:05:56Z,2026-05-16T15:05:56Z
GET,cached-stats:no-target,"ConnectTimeoutError(<HTTPConnection(host='localhost', port=8000) at 0x111c51050>, 'Connection to localhost timed out. (connect timeout=None)')",1,2026-05-16T15:05:57Z,2026-05-16T15:05:57Z
GET,views:list,"ConnectTimeoutError(<HTTPConnection(host='localhost', port=8000) at 0x111b37250>, 'Connection to localhost timed out. (connect timeout=None)')",1,2026-05-16T15:05:49Z,2026-05-16T15:05:49Z
GET,announcements:list,"ConnectTimeoutError(<HTTPConnection(host='localhost', port=8000) at 0x111996950>, 'Connection to localhost timed out. (connect timeout=None)')",1,2026-05-16T15:05:46Z,2026-05-16T15:05:46Z
GET,cached-stats:no-target,"ConnectTimeoutError(<HTTPConnection(host='localhost', port=8000) at 0x11125b150>, 'Connection to localhost timed out. (connect timeout=None)')",1,2026-05-16T15:05:38Z,2026-05-16T15:05:38Z
GET,views:list,"ConnectTimeoutError(<HTTPConnection(host='localhost', port=8000) at 0x111516d50>, 'Connection to localhost timed out. (connect timeout=None)')",1,2026-05-16T15:05:39Z,2026-05-16T15:05:39Z
GET,cached-stats:no-target,"ConnectTimeoutError(<HTTPConnection(host='localhost', port=8000) at 0x111e77a50>, 'Connection to localhost timed out. (connect timeout=None)')",1,2026-05-16T15:06:06Z,2026-05-16T15:06:06Z
GET,views:list,"ConnectTimeoutError(<HTTPConnection(host='localhost', port=8000) at 0x111bf7e50>, 'Connection to localhost timed out. (connect timeout=None)')",1,2026-05-16T15:05:56Z,2026-05-16T15:05:56Z
GET,cached-stats:no-target,"ConnectTimeoutError(<HTTPConnection(host='localhost', port=8000) at 0x111933450>, 'Connection to localhost timed out. (connect timeout=None)')",1,2026-05-16T15:05:37Z,2026-05-16T15:05:37Z
GET,cached-stats:no-target,"ConnectTimeoutError(<HTTPConnection(host='localhost', port=8000) at 0x111e75150>, 'Connection to localhost timed out. (connect timeout=None)')",1,2026-05-16T15:06:05Z,2026-05-16T15:06:05Z
GET,views:list,"ConnectTimeoutError(<HTTPConnection(host='localhost', port=8000) at 0x111635450>, 'Connection to localhost timed out. (connect timeout=None)')",1,2026-05-16T15:05:40Z,2026-05-16T15:05:40Z
GET,announcements:list,"ConnectTimeoutError(<HTTPConnection(host='localhost', port=8000) at 0x11125af50>, 'Connection to localhost timed out. (connect timeout=None)')",1,2026-05-16T15:05:39Z,2026-05-16T15:05:39Z
GET,views:list,"ConnectTimeoutError(<HTTPConnection(host='localhost', port=8000) at 0x111b35a50>, 'Connection to localhost timed out. (connect timeout=None)')",1,2026-05-16T15:05:50Z,2026-05-16T15:05:50Z
GET,cached-stats:no-target,"ConnectTimeoutError(<HTTPConnection(host='localhost', port=8000) at 0x111637350>, 'Connection to localhost timed out. (connect timeout=None)')",1,2026-05-16T15:05:40Z,2026-05-16T15:05:40Z
GET,cached-stats:no-target,"ConnectTimeoutError(<HTTPConnection(host='localhost', port=8000) at 0x111a48f50>, 'Connection to localhost timed out. (connect timeout=None)')",1,2026-05-16T15:05:47Z,2026-05-16T15:05:47Z
GET,cached-stats:no-target,"ConnectTimeoutError(<HTTPConnection(host='localhost', port=8000) at 0x111ce4750>, 'Connection to localhost timed out. (connect timeout=None)')",1,2026-05-16T15:05:58Z,2026-05-16T15:05:58Z
GET,views:list,"ConnectTimeoutError(<HTTPConnection(host='localhost', port=8000) at 0x111c95650>, 'Connection to localhost timed out. (connect timeout=None)')",1,2026-05-16T15:05:57Z,2026-05-16T15:05:57Z
GET,cached-stats:no-target,"ConnectTimeoutError(<HTTPConnection(host='localhost', port=8000) at 0x111a49850>, 'Connection to localhost timed out. (connect timeout=None)')",1,2026-05-16T15:05:48Z,2026-05-16T15:05:48Z
GET,views:list,"ConnectTimeoutError(<HTTPConnection(host='localhost', port=8000) at 0x111093c50>, 'Connection to localhost timed out. (connect timeout=None)')",1,2026-05-16T15:05:37Z,2026-05-16T15:05:37Z
GET,views:popular,"ConnectTimeoutError(<HTTPConnection(host='localhost', port=8000) at 0x11125a750>, 'Connection to localhost timed out. (connect timeout=None)')",1,2026-05-16T15:05:37Z,2026-05-16T15:05:37Z
GET,views:list,"ConnectTimeoutError(<HTTPConnection(host='localhost', port=8000) at 0x1119fe150>, 'Connection to localhost timed out. (connect timeout=None)')",1,2026-05-16T15:05:46Z,2026-05-16T15:05:46Z
GET,views:list,"ConnectTimeoutError(<HTTPConnection(host='localhost', port=8000) at 0x1116d4d50>, 'Connection to localhost timed out. (connect timeout=None)')",1,2026-05-16T15:05:46Z,2026-05-16T15:05:46Z
GET,views:list,"ConnectTimeoutError(<HTTPConnection(host='localhost', port=8000) at 0x111e74e50>, 'Connection to localhost timed out. (connect timeout=None)')",1,2026-05-16T15:06:04Z,2026-05-16T15:06:04Z
GET,views:list,"ConnectTimeoutError(<HTTPConnection(host='localhost', port=8000) at 0x111090950>, 'Connection to localhost timed out. (connect timeout=None)')",1,2026-05-16T15:05:38Z,2026-05-16T15:05:38Z
GET,cached-stats:no-target,"ConnectTimeoutError(<HTTPConnection(host='localhost', port=8000) at 0x111812a50>, 'Connection to localhost timed out. (connect timeout=None)')",1,2026-05-16T15:05:47Z,2026-05-16T15:05:47Z
GET,cached-stats:no-target,"ConnectTimeoutError(<HTTPConnection(host='localhost', port=8000) at 0x111c1b350>, 'Connection to localhost timed out. (connect timeout=None)')",1,2026-05-16T15:05:55Z,2026-05-16T15:05:55Z
GET,cached-stats:no-target,"ConnectTimeoutError(<HTTPConnection(host='localhost', port=8000) at 0x111812f50>, 'Connection to localhost timed out. (connect timeout=None)')",1,2026-05-16T15:05:47Z,2026-05-16T15:05:47Z
GET,views:list,"ConnectTimeoutError(<HTTPConnection(host='localhost', port=8000) at 0x111ae1350>, 'Connection to localhost timed out. (connect timeout=None)')",1,2026-05-16T15:05:49Z,2026-05-16T15:05:49Z
GET,views:list,"ConnectTimeoutError(<HTTPConnection(host='localhost', port=8000) at 0x111bf5b50>, 'Connection to localhost timed out. (connect timeout=None)')",1,2026-05-16T15:05:54Z,2026-05-16T15:05:54Z
GET,views:list,"ConnectTimeoutError(<HTTPConnection(host='localhost', port=8000) at 0x111d3df50>, 'Connection to localhost timed out. (connect timeout=None)')",1,2026-05-16T15:05:58Z,2026-05-16T15:05:58Z
GET,cached-stats:no-target,"ConnectTimeoutError(<HTTPConnection(host='localhost', port=8000) at 0x1116d4050>, 'Connection to localhost timed out. (connect timeout=None)')",1,2026-05-16T15:05:40Z,2026-05-16T15:05:40Z
GET,views:list,"ConnectTimeoutError(<HTTPConnection(host='localhost', port=8000) at 0x111810e50>, 'Connection to localhost timed out. (connect timeout=None)')",1,2026-05-16T15:05:41Z,2026-05-16T15:05:41Z
GET,announcements:list,"ConnectTimeoutError(<HTTPConnection(host='localhost', port=8000) at 0x11125bd50>, 'Connection to localhost timed out. (connect timeout=None)')",1,2026-05-16T15:05:40Z,2026-05-16T15:05:40Z
GET,views:list,"ConnectTimeoutError(<HTTPConnection(host='localhost', port=8000) at 0x111c97650>, 'Connection to localhost timed out. (connect timeout=None)')",1,2026-05-16T15:05:59Z,2026-05-16T15:05:59Z
GET,views:list,"ConnectTimeoutError(<HTTPConnection(host='localhost', port=8000) at 0x111c53e50>, 'Connection to localhost timed out. (connect timeout=None)')",1,2026-05-16T15:05:56Z,2026-05-16T15:05:56Z
GET,announcements:list,"ConnectTimeoutError(<HTTPConnection(host='localhost', port=8000) at 0x111637450>, 'Connection to localhost timed out. (connect timeout=None)')",1,2026-05-16T15:05:40Z,2026-05-16T15:05:40Z
GET,cached-stats:no-target,"ConnectTimeoutError(<HTTPConnection(host='localhost', port=8000) at 0x111eb4850>, 'Connection to localhost timed out. (connect timeout=None)')",1,2026-05-16T15:06:05Z,2026-05-16T15:06:05Z
GET,views:list,"ConnectTimeoutError(<HTTPConnection(host='localhost', port=8000) at 0x111a7be50>, 'Connection to localhost timed out. (connect timeout=None)')",1,2026-05-16T15:05:49Z,2026-05-16T15:05:49Z
GET,views:list,"ConnectTimeoutError(<HTTPConnection(host='localhost', port=8000) at 0x1116d6850>, 'Connection to localhost timed out. (connect timeout=None)')",1,2026-05-16T15:05:47Z,2026-05-16T15:05:47Z
GET,views:list,"ConnectTimeoutError(<HTTPConnection(host='localhost', port=8000) at 0x111811e50>, 'Connection to localhost timed out. (connect timeout=None)')",1,2026-05-16T15:05:44Z,2026-05-16T15:05:44Z
GET,cached-stats:no-target,"ConnectTimeoutError(<HTTPConnection(host='localhost', port=8000) at 0x111258050>, 'Connection to localhost timed out. (connect timeout=None)')",1,2026-05-16T15:05:38Z,2026-05-16T15:05:38Z
GET,views:list,"ConnectTimeoutError(<HTTPConnection(host='localhost', port=8000) at 0x111bf7650>, 'Connection to localhost timed out. (connect timeout=None)')",1,2026-05-16T15:05:57Z,2026-05-16T15:05:57Z
GET,views:list,"ConnectTimeoutError(<HTTPConnection(host='localhost', port=8000) at 0x111b34e50>, 'Connection to localhost timed out. (connect timeout=None)')",1,2026-05-16T15:05:50Z,2026-05-16T15:05:50Z
GET,views:list,"ConnectTimeoutError(<HTTPConnection(host='localhost', port=8000) at 0x111bf5850>, 'Connection to localhost timed out. (connect timeout=None)')",1,2026-05-16T15:05:55Z,2026-05-16T15:05:55Z
GET,views:list,"ConnectTimeoutError(<HTTPConnection(host='localhost', port=8000) at 0x111636150>, 'Connection to localhost timed out. (connect timeout=None)')",1,2026-05-16T15:05:40Z,2026-05-16T15:05:40Z
GET,views:list,"ConnectTimeoutError(<HTTPConnection(host='localhost', port=8000) at 0x111515e50>, 'Connection to localhost timed out. (connect timeout=None)')",1,2026-05-16T15:05:39Z,2026-05-16T15:05:39Z
GET,views:popular,"ConnectTimeoutError(<HTTPConnection(host='localhost', port=8000) at 0x111e49a50>, 'Connection to localhost timed out. (connect timeout=None)')",1,2026-05-16T15:06:05Z,2026-05-16T15:06:05Z
GET,views:list,"ConnectTimeoutError(<HTTPConnection(host='localhost', port=8000) at 0x111b35e50>, 'Connection to localhost timed out. (connect timeout=None)')",1,2026-05-16T15:05:49Z,2026-05-16T15:05:49Z
GET,cached-stats:no-target,"ConnectTimeoutError(<HTTPConnection(host='localhost', port=8000) at 0x111c96a50>, 'Connection to localhost timed out. (connect timeout=None)')",1,2026-05-16T15:05:58Z,2026-05-16T15:05:58Z
GET,cached-stats:no-target,"ConnectTimeoutError(<HTTPConnection(host='localhost', port=8000) at 0x111e4ac50>, 'Connection to localhost timed out. (connect timeout=None)')",1,2026-05-16T15:06:05Z,2026-05-16T15:06:05Z
GET,cached-stats:no-target,"ConnectTimeoutError(<HTTPConnection(host='localhost', port=8000) at 0x111997150>, 'Connection to localhost timed out. (connect timeout=None)')",1,2026-05-16T15:05:47Z,2026-05-16T15:05:47Z
GET,announcements:list,"ConnectTimeoutError(<HTTPConnection(host='localhost', port=8000) at 0x111a4b250>, 'Connection to localhost timed out. (connect timeout=None)')",1,2026-05-16T15:05:48Z,2026-05-16T15:05:48Z
GET,announcements:list,"ConnectTimeoutError(<HTTPConnection(host='localhost', port=8000) at 0x111515850>, 'Connection to localhost timed out. (connect timeout=None)')",1,2026-05-16T15:05:39Z,2026-05-16T15:05:39Z
GET,views:popular,"ConnectTimeoutError(<HTTPConnection(host='localhost', port=8000) at 0x111ce6050>, 'Connection to localhost timed out. (connect timeout=None)')",1,2026-05-16T15:05:58Z,2026-05-16T15:05:58Z
GET,cached-stats:no-target,"ConnectTimeoutError(<HTTPConnection(host='localhost', port=8000) at 0x111ae1950>, 'Connection to localhost timed out. (connect timeout=None)')",1,2026-05-16T15:05:48Z,2026-05-16T15:05:48Z
GET,views:list,"ConnectTimeoutError(<HTTPConnection(host='localhost', port=8000) at 0x111997e50>, 'Connection to localhost timed out. (connect timeout=None)')",1,2026-05-16T15:05:48Z,2026-05-16T15:05:48Z
GET,views:list,"ConnectTimeoutError(<HTTPConnection(host='localhost', port=8000) at 0x111e74850>, 'Connection to localhost timed out. (connect timeout=None)')",1,2026-05-16T15:06:05Z,2026-05-16T15:06:05Z
GET,cached-stats:no-target,"ConnectTimeoutError(<HTTPConnection(host='localhost', port=8000) at 0x111de3050>, 'Connection to localhost timed out. (connect timeout=None)')",1,2026-05-16T15:06:03Z,2026-05-16T15:06:03Z
GET,views:list,"ConnectTimeoutError(<HTTPConnection(host='localhost', port=8000) at 0x111b36750>, 'Connection to localhost timed out. (connect timeout=None)')",1,2026-05-16T15:05:49Z,2026-05-16T15:05:49Z
GET,cached-stats:no-target,"ConnectTimeoutError(<HTTPConnection(host='localhost', port=8000) at 0x111e4b450>, 'Connection to localhost timed out. (connect timeout=None)')",1,2026-05-16T15:06:05Z,2026-05-16T15:06:05Z
GET,cached-stats:no-target,"ConnectTimeoutError(<HTTPConnection(host='localhost', port=8000) at 0x111514150>, 'Connection to localhost timed out. (connect timeout=None)')",1,2026-05-16T15:05:38Z,2026-05-16T15:05:38Z
GET,announcements:list,"ConnectTimeoutError(<HTTPConnection(host='localhost', port=8000) at 0x111d84950>, 'Connection to localhost timed out. (connect timeout=None)')",1,2026-05-16T15:06:00Z,2026-05-16T15:06:00Z
GET,views:list,"ConnectTimeoutError(<HTTPConnection(host='localhost', port=8000) at 0x111de2650>, 'Connection to localhost timed out. (connect timeout=None)')",1,2026-05-16T15:06:03Z,2026-05-16T15:06:03Z
GET,cached-stats:no-target,"ConnectTimeoutError(<HTTPConnection(host='localhost', port=8000) at 0x111c95c50>, 'Connection to localhost timed out. (connect timeout=None)')",1,2026-05-16T15:05:57Z,2026-05-16T15:05:57Z
GET,views:popular,"ConnectTimeoutError(<HTTPConnection(host='localhost', port=8000) at 0x111de3550>, 'Connection to localhost timed out. (connect timeout=None)')",1,2026-05-16T15:06:04Z,2026-05-16T15:06:04Z
GET,cached-stats:no-target,"ConnectTimeoutError(<HTTPConnection(host='localhost', port=8000) at 0x111e76650>, 'Connection to localhost timed out. (connect timeout=None)')",1,2026-05-16T15:06:06Z,2026-05-16T15:06:06Z
GET,views:popular,"ConnectTimeoutError(<HTTPConnection(host='localhost', port=8000) at 0x111812650>, 'Connection to localhost timed out. (connect timeout=None)')",1,2026-05-16T15:05:44Z,2026-05-16T15:05:44Z
GET,views:list,"ConnectTimeoutError(<HTTPConnection(host='localhost', port=8000) at 0x111c1bb50>, 'Connection to localhost timed out. (connect timeout=None)')",1,2026-05-16T15:05:57Z,2026-05-16T15:05:57Z
GET,announcements:list,"ConnectTimeoutError(<HTTPConnection(host='localhost', port=8000) at 0x111b35150>, 'Connection to localhost timed out. (connect timeout=None)')",1,2026-05-16T15:05:50Z,2026-05-16T15:05:50Z
GET,views:list,"ConnectTimeoutError(<HTTPConnection(host='localhost', port=8000) at 0x111ae0750>, 'Connection to localhost timed out. (connect timeout=None)')",1,2026-05-16T15:05:49Z,2026-05-16T15:05:49Z
GET,cached-stats:no-target,"ConnectTimeoutError(<HTTPConnection(host='localhost', port=8000) at 0x111c18b50>, 'Connection to localhost timed out. (connect timeout=None)')",1,2026-05-16T15:05:56Z,2026-05-16T15:05:56Z
GET,announcements:list,"ConnectTimeoutError(<HTTPConnection(host='localhost', port=8000) at 0x1119fdd50>, 'Connection to localhost timed out. (connect timeout=None)')",1,2026-05-16T15:05:48Z,2026-05-16T15:05:48Z
GET,cached-stats:no-target,"ConnectTimeoutError(<HTTPConnection(host='localhost', port=8000) at 0x111bf6c50>, 'Connection to localhost timed out. (connect timeout=None)')",1,2026-05-16T15:05:56Z,2026-05-16T15:05:56Z
GET,views:popular,"ConnectTimeoutError(<HTTPConnection(host='localhost', port=8000) at 0x111b35c50>, 'Connection to localhost timed out. (connect timeout=None)')",1,2026-05-16T15:05:50Z,2026-05-16T15:05:50Z
GET,announcements:list,"ConnectTimeoutError(<HTTPConnection(host='localhost', port=8000) at 0x111eb4250>, 'Connection to localhost timed out. (connect timeout=None)')",1,2026-05-16T15:06:05Z,2026-05-16T15:06:05Z
GET,views:list,"ConnectTimeoutError(<HTTPConnection(host='localhost', port=8000) at 0x111b35550>, 'Connection to localhost timed out. (connect timeout=None)')",1,2026-05-16T15:05:51Z,2026-05-16T15:05:51Z
GET,cached-stats:no-target,"ConnectTimeoutError(<HTTPConnection(host='localhost', port=8000) at 0x111bf4950>, 'Connection to localhost timed out. (connect timeout=None)')",1,2026-05-16T15:05:55Z,2026-05-16T15:05:55Z
GET,announcements:list,"ConnectTimeoutError(<HTTPConnection(host='localhost', port=8000) at 0x111c97e50>, 'Connection to localhost timed out. (connect timeout=None)')",1,2026-05-16T15:05:59Z,2026-05-16T15:05:59Z
GET,views:list,"ConnectTimeoutError(<HTTPConnection(host='localhost', port=8000) at 0x111932f50>, 'Connection to localhost timed out. (connect timeout=None)')",1,2026-05-16T15:05:37Z,2026-05-16T15:05:37Z
GET,cached-stats:no-target,"ConnectTimeoutError(<HTTPConnection(host='localhost', port=8000) at 0x111bf4f50>, 'Connection to localhost timed out. (connect timeout=None)')",1,2026-05-16T15:05:54Z,2026-05-16T15:05:54Z
GET,cached-stats:no-target,"ConnectTimeoutError(<HTTPConnection(host='localhost', port=8000) at 0x111a7b450>, 'Connection to localhost timed out. (connect timeout=None)')",1,2026-05-16T15:05:49Z,2026-05-16T15:05:49Z
GET,cached-stats:no-target,"ConnectTimeoutError(<HTTPConnection(host='localhost', port=8000) at 0x111c52050>, 'Connection to localhost timed out. (connect timeout=None)')",1,2026-05-16T15:05:57Z,2026-05-16T15:05:57Z
GET,views:list,"ConnectTimeoutError(<HTTPConnection(host='localhost', port=8000) at 0x111d85450>, 'Connection to localhost timed out. (connect timeout=None)')",1,2026-05-16T15:05:58Z,2026-05-16T15:05:58Z
GET,cached-stats:no-target,"ConnectTimeoutError(<HTTPConnection(host='localhost', port=8000) at 0x111995150>, 'Connection to localhost timed out. (connect timeout=None)')",1,2026-05-16T15:05:38Z,2026-05-16T15:05:38Z
GET,announcements:list,"ConnectTimeoutError(<HTTPConnection(host='localhost', port=8000) at 0x111ce5650>, 'Connection to localhost timed out. (connect timeout=None)')",1,2026-05-16T15:05:57Z,2026-05-16T15:05:57Z
GET,announcements:list,"ConnectTimeoutError(<HTTPConnection(host='localhost', port=8000) at 0x111c94750>, 'Connection to localhost timed out. (connect timeout=None)')",1,2026-05-16T15:05:56Z,2026-05-16T15:05:56Z
GET,views:list,"ConnectTimeoutError(<HTTPConnection(host='localhost', port=8000) at 0x1116d5a50>, 'Connection to localhost timed out. (connect timeout=None)')",1,2026-05-16T15:05:41Z,2026-05-16T15:05:41Z
GET,views:list,"ConnectTimeoutError(<HTTPConnection(host='localhost', port=8000) at 0x111b37050>, 'Connection to localhost timed out. (connect timeout=None)')",1,2026-05-16T15:05:50Z,2026-05-16T15:05:50Z
GET,cached-stats:no-target,"ConnectTimeoutError(<HTTPConnection(host='localhost', port=8000) at 0x111ae0f50>, 'Connection to localhost timed out. (connect timeout=None)')",1,2026-05-16T15:05:49Z,2026-05-16T15:05:49Z
GET,views:list,"ConnectTimeoutError(<HTTPConnection(host='localhost', port=8000) at 0x111994950>, 'Connection to localhost timed out. (connect timeout=None)')",1,2026-05-16T15:05:37Z,2026-05-16T15:05:37Z
GET,views:list,"ConnectTimeoutError(<HTTPConnection(host='localhost', port=8000) at 0x111636250>, 'Connection to localhost timed out. (connect timeout=None)')",1,2026-05-16T15:05:40Z,2026-05-16T15:05:40Z
GET,views:popular,"ConnectTimeoutError(<HTTPConnection(host='localhost', port=8000) at 0x111e75350>, 'Connection to localhost timed out. (connect timeout=None)')",1,2026-05-16T15:06:06Z,2026-05-16T15:06:06Z
GET,views:list,"ConnectTimeoutError(<HTTPConnection(host='localhost', port=8000) at 0x111e76350>, 'Connection to localhost timed out. (connect timeout=None)')",1,2026-05-16T15:06:06Z,2026-05-16T15:06:06Z
GET,announcements:list,"ConnectTimeoutError(<HTTPConnection(host='localhost', port=8000) at 0x111810850>, 'Connection to localhost timed out. (connect timeout=None)')",1,2026-05-16T15:05:41Z,2026-05-16T15:05:41Z
GET,cached-stats:no-target,"ConnectTimeoutError(<HTTPConnection(host='localhost', port=8000) at 0x1116d6d50>, 'Connection to localhost timed out. (connect timeout=None)')",1,2026-05-16T15:05:41Z,2026-05-16T15:05:41Z
GET,views:list,"ConnectTimeoutError(<HTTPConnection(host='localhost', port=8000) at 0x111c18850>, 'Connection to localhost timed out. (connect timeout=None)')",1,2026-05-16T15:05:56Z,2026-05-16T15:05:56Z
GET,announcements:list,"ConnectTimeoutError(<HTTPConnection(host='localhost', port=8000) at 0x111e76b50>, 'Connection to localhost timed out. (connect timeout=None)')",1,2026-05-16T15:06:05Z,2026-05-16T15:06:05Z
GET,views:list,"ConnectTimeoutError(<HTTPConnection(host='localhost', port=8000) at 0x111c50d50>, 'Connection to localhost timed out. (connect timeout=None)')",1,2026-05-16T15:05:56Z,2026-05-16T15:05:56Z
GET,views:popular,"ConnectTimeoutError(<HTTPConnection(host='localhost', port=8000) at 0x111811850>, 'Connection to localhost timed out. (connect timeout=None)')",1,2026-05-16T15:05:47Z,2026-05-16T15:05:47Z
GET,views:list,"ConnectTimeoutError(<HTTPConnection(host='localhost', port=8000) at 0x111637e50>, 'Connection to localhost timed out. (connect timeout=None)')",1,2026-05-16T15:05:40Z,2026-05-16T15:05:40Z
GET,views:popular,"ConnectTimeoutError(<HTTPConnection(host='localhost', port=8000) at 0x1116d4e50>, 'Connection to localhost timed out. (connect timeout=None)')",1,2026-05-16T15:05:47Z,2026-05-16T15:05:47Z
GET,views:list,"ConnectTimeoutError(<HTTPConnection(host='localhost', port=8000) at 0x111637050>, 'Connection to localhost timed out. (connect timeout=None)')",1,2026-05-16T15:05:40Z,2026-05-16T15:05:40Z
GET,cached-stats:no-target,"ConnectTimeoutError(<HTTPConnection(host='localhost', port=8000) at 0x111997750>, 'Connection to localhost timed out. (connect timeout=None)')",1,2026-05-16T15:05:46Z,2026-05-16T15:05:46Z
GET,views:list,"ConnectTimeoutError(<HTTPConnection(host='localhost', port=8000) at 0x111931f50>, 'Connection to localhost timed out. (connect timeout=None)')",1,2026-05-16T15:05:36Z,2026-05-16T15:05:36Z
GET,cached-stats:no-target,"ConnectTimeoutError(<HTTPConnection(host='localhost', port=8000) at 0x111932250>, 'Connection to localhost timed out. (connect timeout=None)')",1,2026-05-16T15:05:37Z,2026-05-16T15:05:37Z
GET,views:list,"ConnectTimeoutError(<HTTPConnection(host='localhost', port=8000) at 0x111c18050>, 'Connection to localhost timed out. (connect timeout=None)')",1,2026-05-16T15:05:55Z,2026-05-16T15:05:55Z
GET,announcements:list,"ConnectTimeoutError(<HTTPConnection(host='localhost', port=8000) at 0x111516f50>, 'Connection to localhost timed out. (connect timeout=None)')",1,2026-05-16T15:05:40Z,2026-05-16T15:05:40Z
GET,cached-stats:no-target,"ConnectTimeoutError(<HTTPConnection(host='localhost', port=8000) at 0x111996c50>, 'Connection to localhost timed out. (connect timeout=None)')",1,2026-05-16T15:05:46Z,2026-05-16T15:05:46Z
GET,cached-stats:no-target,"ConnectTimeoutError(<HTTPConnection(host='localhost', port=8000) at 0x111812e50>, 'Connection to localhost timed out. (connect timeout=None)')",1,2026-05-16T15:05:47Z,2026-05-16T15:05:47Z
GET,views:list,"ConnectTimeoutError(<HTTPConnection(host='localhost', port=8000) at 0x111d87650>, 'Connection to localhost timed out. (connect timeout=None)')",1,2026-05-16T15:05:59Z,2026-05-16T15:05:59Z
GET,views:list,"ConnectTimeoutError(<HTTPConnection(host='localhost', port=8000) at 0x111c1bd50>, 'Connection to localhost timed out. (connect timeout=None)')",1,2026-05-16T15:05:57Z,2026-05-16T15:05:57Z
GET,cached-stats:no-target,"ConnectTimeoutError(<HTTPConnection(host='localhost', port=8000) at 0x111517a50>, 'Connection to localhost timed out. (connect timeout=None)')",1,2026-05-16T15:05:39Z,2026-05-16T15:05:39Z
GET,views:list,"ConnectTimeoutError(<HTTPConnection(host='localhost', port=8000) at 0x111c97050>, 'Connection to localhost timed out. (connect timeout=None)')",1,2026-05-16T15:05:57Z,2026-05-16T15:05:57Z
GET,cached-stats:no-target,"ConnectTimeoutError(<HTTPConnection(host='localhost', port=8000) at 0x111994150>, 'Connection to localhost timed out. (connect timeout=None)')",1,2026-05-16T15:05:37Z,2026-05-16T15:05:37Z
GET,cached-stats:no-target,"ConnectTimeoutError(<HTTPConnection(host='localhost', port=8000) at 0x111e4a150>, 'Connection to localhost timed out. (connect timeout=None)')",1,2026-05-16T15:06:04Z,2026-05-16T15:06:04Z
GET,cached-stats:no-target,"ConnectTimeoutError(<HTTPConnection(host='localhost', port=8000) at 0x1116d4550>, 'Connection to localhost timed out. (connect timeout=None)')",1,2026-05-16T15:05:46Z,2026-05-16T15:05:46Z
GET,views:list,"ConnectTimeoutError(<HTTPConnection(host='localhost', port=8000) at 0x111c51b50>, 'Connection to localhost timed out. (connect timeout=None)')",1,2026-05-16T15:05:57Z,2026-05-16T15:05:57Z
GET,views:list,"ConnectTimeoutError(<HTTPConnection(host='localhost', port=8000) at 0x111c52650>, 'Connection to localhost timed out. (connect timeout=None)')",1,2026-05-16T15:05:56Z,2026-05-16T15:05:56Z
GET,cached-stats:no-target,"ConnectTimeoutError(<HTTPConnection(host='localhost', port=8000) at 0x111e75d50>, 'Connection to localhost timed out. (connect timeout=None)')",1,2026-05-16T15:06:06Z,2026-05-16T15:06:06Z
GET,cached-stats:no-target,"ConnectTimeoutError(<HTTPConnection(host='localhost', port=8000) at 0x111c51950>, 'Connection to localhost timed out. (connect timeout=None)')",1,2026-05-16T15:05:57Z,2026-05-16T15:05:57Z
GET,cached-stats:no-target,"ConnectTimeoutError(<HTTPConnection(host='localhost', port=8000) at 0x111c1a250>, 'Connection to localhost timed out. (connect timeout=None)')",1,2026-05-16T15:05:55Z,2026-05-16T15:05:55Z
GET,views:popular,"ConnectTimeoutError(<HTTPConnection(host='localhost', port=8000) at 0x111930450>, 'Connection to localhost timed out. (connect timeout=None)')",1,2026-05-16T15:05:45Z,2026-05-16T15:05:45Z
GET,views:popular,"ConnectTimeoutError(<HTTPConnection(host='localhost', port=8000) at 0x111d86850>, 'Connection to localhost timed out. (connect timeout=None)')",1,2026-05-16T15:06:00Z,2026-05-16T15:06:00Z
GET,views:list,"ConnectTimeoutError(<HTTPConnection(host='localhost', port=8000) at 0x111515250>, 'Connection to localhost timed out. (connect timeout=None)')",1,2026-05-16T15:05:38Z,2026-05-16T15:05:38Z
GET,views:list,"ConnectTimeoutError(<HTTPConnection(host='localhost', port=8000) at 0x111b36c50>, 'Connection to localhost timed out. (connect timeout=None)')",1,2026-05-16T15:05:50Z,2026-05-16T15:05:50Z
GET,views:list,"ConnectTimeoutError(<HTTPConnection(host='localhost', port=8000) at 0x1119fda50>, 'Connection to localhost timed out. (connect timeout=None)')",1,2026-05-16T15:05:47Z,2026-05-16T15:05:47Z
GET,cached-stats:no-target,"ConnectTimeoutError(<HTTPConnection(host='localhost', port=8000) at 0x111de3c50>, 'Connection to localhost timed out. (connect timeout=None)')",1,2026-05-16T15:06:03Z,2026-05-16T15:06:03Z
GET,views:list,"ConnectTimeoutError(<HTTPConnection(host='localhost', port=8000) at 0x111634350>, 'Connection to localhost timed out. (connect timeout=None)')",1,2026-05-16T15:05:39Z,2026-05-16T15:05:39Z
GET,views:list,"ConnectTimeoutError(<HTTPConnection(host='localhost', port=8000) at 0x1116d7750>, 'Connection to localhost timed out. (connect timeout=None)')",1,2026-05-16T15:05:41Z,2026-05-16T15:05:41Z
GET,views:popular,"ConnectTimeoutError(<HTTPConnection(host='localhost', port=8000) at 0x111635250>, 'Connection to localhost timed out. (connect timeout=None)')",1,2026-05-16T15:05:39Z,2026-05-16T15:05:39Z
GET,views:list,"ConnectTimeoutError(<HTTPConnection(host='localhost', port=8000) at 0x111d3e450>, 'Connection to localhost timed out. (connect timeout=None)')",1,2026-05-16T15:05:59Z,2026-05-16T15:05:59Z
GET,announcements:list,"ConnectTimeoutError(<HTTPConnection(host='localhost', port=8000) at 0x111a4ad50>, 'Connection to localhost timed out. (connect timeout=None)')",1,2026-05-16T15:05:48Z,2026-05-16T15:05:48Z
GET,announcements:list,"ConnectTimeoutError(<HTTPConnection(host='localhost', port=8000) at 0x111a7bc50>, 'Connection to localhost timed out. (connect timeout=None)')",1,2026-05-16T15:05:49Z,2026-05-16T15:05:49Z
GET,views:list,"ConnectTimeoutError(<HTTPConnection(host='localhost', port=8000) at 0x111e74650>, 'Connection to localhost timed out. (connect timeout=None)')",1,2026-05-16T15:06:05Z,2026-05-16T15:06:05Z
GET,views:list,"ConnectTimeoutError(<HTTPConnection(host='localhost', port=8000) at 0x1119fd850>, 'Connection to localhost timed out. (connect timeout=None)')",1,2026-05-16T15:05:47Z,2026-05-16T15:05:47Z
GET,cached-stats:no-target,"ConnectTimeoutError(<HTTPConnection(host='localhost', port=8000) at 0x111c51550>, 'Connection to localhost timed out. (connect timeout=None)')",1,2026-05-16T15:05:56Z,2026-05-16T15:05:56Z
GET,cached-stats:no-target,"ConnectTimeoutError(<HTTPConnection(host='localhost', port=8000) at 0x1119fc650>, 'Connection to localhost timed out. (connect timeout=None)')",1,2026-05-16T15:05:46Z,2026-05-16T15:05:46Z
GET,views:list,"ConnectTimeoutError(<HTTPConnection(host='localhost', port=8000) at 0x111ae1b50>, 'Connection to localhost timed out. (connect timeout=None)')",1,2026-05-16T15:05:48Z,2026-05-16T15:05:48Z
GET,views:list,"ConnectTimeoutError(<HTTPConnection(host='localhost', port=8000) at 0x111c1ac50>, 'Connection to localhost timed out. (connect timeout=None)')",1,2026-05-16T15:05:56Z,2026-05-16T15:05:56Z
GET,cached-stats:no-target,"ConnectTimeoutError(<HTTPConnection(host='localhost', port=8000) at 0x111810650>, 'Connection to localhost timed out. (connect timeout=None)')",1,2026-05-16T15:05:45Z,2026-05-16T15:05:45Z
GET,views:list,"ConnectTimeoutError(<HTTPConnection(host='localhost', port=8000) at 0x111636e50>, 'Connection to localhost timed out. (connect timeout=None)')",1,2026-05-16T15:05:40Z,2026-05-16T15:05:40Z
GET,views:list,"ConnectTimeoutError(<HTTPConnection(host='localhost', port=8000) at 0x111995f50>, 'Connection to localhost timed out. (connect timeout=None)')",1,2026-05-16T15:05:47Z,2026-05-16T15:05:47Z
GET,views:list,"ConnectTimeoutError(<HTTPConnection(host='localhost', port=8000) at 0x111ae1150>, 'Connection to localhost timed out. (connect timeout=None)')",1,2026-05-16T15:05:49Z,2026-05-16T15:05:49Z
GET,views:list,"ConnectTimeoutError(<HTTPConnection(host='localhost', port=8000) at 0x111e4b650>, 'Connection to localhost timed out. (connect timeout=None)')",1,2026-05-16T15:06:06Z,2026-05-16T15:06:06Z
GET,announcements:list,"ConnectTimeoutError(<HTTPConnection(host='localhost', port=8000) at 0x111634b50>, 'Connection to localhost timed out. (connect timeout=None)')",1,2026-05-16T15:05:39Z,2026-05-16T15:05:39Z
GET,cached-stats:no-target,"ConnectTimeoutError(<HTTPConnection(host='localhost', port=8000) at 0x111e76e50>, 'Connection to localhost timed out. (connect timeout=None)')",1,2026-05-16T15:06:06Z,2026-05-16T15:06:06Z
GET,views:popular,"ConnectTimeoutError(<HTTPConnection(host='localhost', port=8000) at 0x111259250>, 'Connection to localhost timed out. (connect timeout=None)')",1,2026-05-16T15:05:38Z,2026-05-16T15:05:38Z
GET,views:list,"ConnectTimeoutError(<HTTPConnection(host='localhost', port=8000) at 0x111933c50>, 'Connection to localhost timed out. (connect timeout=None)')",1,2026-05-16T15:05:37Z,2026-05-16T15:05:37Z
GET,cached-stats:no-target,"ConnectTimeoutError(<HTTPConnection(host='localhost', port=8000) at 0x111a49550>, 'Connection to localhost timed out. (connect timeout=None)')",1,2026-05-16T15:05:47Z,2026-05-16T15:05:47Z
GET,cached-stats:no-target,"ConnectTimeoutError(<HTTPConnection(host='localhost', port=8000) at 0x111a4b750>, 'Connection to localhost timed out. (connect timeout=None)')",1,2026-05-16T15:05:48Z,2026-05-16T15:05:48Z
GET,views:list,"ConnectTimeoutError(<HTTPConnection(host='localhost', port=8000) at 0x1119fd350>, 'Connection to localhost timed out. (connect timeout=None)')",1,2026-05-16T15:05:48Z,2026-05-16T15:05:48Z
GET,views:list,"ConnectTimeoutError(<HTTPConnection(host='localhost', port=8000) at 0x1116d7550>, 'Connection to localhost timed out. (connect timeout=None)')",1,2026-05-16T15:05:41Z,2026-05-16T15:05:41Z
GET,cached-stats:no-target,"ConnectTimeoutError(<HTTPConnection(host='localhost', port=8000) at 0x111c1b650>, 'Connection to localhost timed out. (connect timeout=None)')",1,2026-05-16T15:05:55Z,2026-05-16T15:05:55Z
GET,views:list,"ConnectTimeoutError(<HTTPConnection(host='localhost', port=8000) at 0x1116d6050>, 'Connection to localhost timed out. (connect timeout=None)')",1,2026-05-16T15:05:47Z,2026-05-16T15:05:47Z
GET,views:popular,"ConnectTimeoutError(<HTTPConnection(host='localhost', port=8000) at 0x111b37450>, 'Connection to localhost timed out. (connect timeout=None)')",1,2026-05-16T15:05:51Z,2026-05-16T15:05:51Z
GET,cached-stats:no-target,"ConnectTimeoutError(<HTTPConnection(host='localhost', port=8000) at 0x111bf7b50>, 'Connection to localhost timed out. (connect timeout=None)')",1,2026-05-16T15:05:56Z,2026-05-16T15:05:56Z
GET,cached-stats:no-target,"ConnectTimeoutError(<HTTPConnection(host='localhost', port=8000) at 0x111996250>, 'Connection to localhost timed out. (connect timeout=None)')",1,2026-05-16T15:05:46Z,2026-05-16T15:05:46Z
GET,views:popular,"ConnectTimeoutError(<HTTPConnection(host='localhost', port=8000) at 0x111514850>, 'Connection to localhost timed out. (connect timeout=None)')",1,2026-05-16T15:05:38Z,2026-05-16T15:05:38Z
GET,views:popular,"ConnectTimeoutError(<HTTPConnection(host='localhost', port=8000) at 0x1119fc150>, 'Connection to localhost timed out. (connect timeout=None)')",1,2026-05-16T15:05:46Z,2026-05-16T15:05:46Z
GET,cached-stats:no-target,"ConnectTimeoutError(<HTTPConnection(host='localhost', port=8000) at 0x111812050>, 'Connection to localhost timed out. (connect timeout=None)')",1,2026-05-16T15:05:46Z,2026-05-16T15:05:46Z
GET,cached-stats:no-target,"ConnectTimeoutError(<HTTPConnection(host='localhost', port=8000) at 0x11125b750>, 'Connection to localhost timed out. (connect timeout=None)')",1,2026-05-16T15:05:38Z,2026-05-16T15:05:38Z
GET,cached-stats:no-target,"ConnectTimeoutError(<HTTPConnection(host='localhost', port=8000) at 0x111eb7a50>, 'Connection to localhost timed out. (connect timeout=None)')",1,2026-05-16T15:06:06Z,2026-05-16T15:06:06Z
GET,views:list,"ConnectTimeoutError(<HTTPConnection(host='localhost', port=8000) at 0x1119fdf50>, 'Connection to localhost timed out. (connect timeout=None)')",1,2026-05-16T15:05:47Z,2026-05-16T15:05:47Z
GET,views:list,"ConnectTimeoutError(<HTTPConnection(host='localhost', port=8000) at 0x111d87550>, 'Connection to localhost timed out. (connect timeout=None)')",1,2026-05-16T15:06:00Z,2026-05-16T15:06:00Z
GET,views:list,"ConnectTimeoutError(<HTTPConnection(host='localhost', port=8000) at 0x111090650>, 'Connection to localhost timed out. (connect timeout=None)')",1,2026-05-16T15:05:38Z,2026-05-16T15:05:38Z
GET,announcements:list,"ConnectTimeoutError(<HTTPConnection(host='localhost', port=8000) at 0x111a48c50>, 'Connection to localhost timed out. (connect timeout=None)')",1,2026-05-16T15:05:48Z,2026-05-16T15:05:48Z
GET,views:list,"ConnectTimeoutError(<HTTPConnection(host='localhost', port=8000) at 0x111995550>, 'Connection to localhost timed out. (connect timeout=None)')",1,2026-05-16T15:05:38Z,2026-05-16T15:05:38Z
GET,views:list,"ConnectTimeoutError(<HTTPConnection(host='localhost', port=8000) at 0x11125aa50>, 'Connection to localhost timed out. (connect timeout=None)')",1,2026-05-16T15:05:38Z,2026-05-16T15:05:38Z
GET,cached-stats:no-target,"ConnectTimeoutError(<HTTPConnection(host='localhost', port=8000) at 0x1119fc950>, 'Connection to localhost timed out. (connect timeout=None)')",1,2026-05-16T15:05:47Z,2026-05-16T15:05:47Z
GET,views:list,"ConnectTimeoutError(<HTTPConnection(host='localhost', port=8000) at 0x111d84650>, 'Connection to localhost timed out. (connect timeout=None)')",1,2026-05-16T15:05:59Z,2026-05-16T15:05:59Z
GET,announcements:list,"ConnectTimeoutError(<HTTPConnection(host='localhost', port=8000) at 0x111c95950>, 'Connection to localhost timed out. (connect timeout=None)')",1,2026-05-16T15:05:57Z,2026-05-16T15:05:57Z
GET,views:list,"ConnectTimeoutError(<HTTPConnection(host='localhost', port=8000) at 0x111995450>, 'Connection to localhost timed out. (connect timeout=None)')",1,2026-05-16T15:05:47Z,2026-05-16T15:05:47Z
GET,views:list,"ConnectTimeoutError(<HTTPConnection(host='localhost', port=8000) at 0x111c18450>, 'Connection to localhost timed out. (connect timeout=None)')",1,2026-05-16T15:05:55Z,2026-05-16T15:05:55Z
GET,views:list,"ConnectTimeoutError(<HTTPConnection(host='localhost', port=8000) at 0x111996450>, 'Connection to localhost timed out. (connect timeout=None)')",1,2026-05-16T15:05:46Z,2026-05-16T15:05:46Z
GET,views:list,"ConnectTimeoutError(<HTTPConnection(host='localhost', port=8000) at 0x111e74050>, 'Connection to localhost timed out. (connect timeout=None)')",1,2026-05-16T15:06:05Z,2026-05-16T15:06:05Z
GET,announcements:list,"ConnectTimeoutError(<HTTPConnection(host='localhost', port=8000) at 0x111eb7050>, 'Connection to localhost timed out. (connect timeout=None)')",1,2026-05-16T15:06:06Z,2026-05-16T15:06:06Z
GET,cached-stats:no-target,"ConnectTimeoutError(<HTTPConnection(host='localhost', port=8000) at 0x111e48250>, 'Connection to localhost timed out. (connect timeout=None)')",1,2026-05-16T15:06:03Z,2026-05-16T15:06:03Z
GET,views:list,"ConnectTimeoutError(<HTTPConnection(host='localhost', port=8000) at 0x111e75550>, 'Connection to localhost timed out. (connect timeout=None)')",1,2026-05-16T15:06:06Z,2026-05-16T15:06:06Z
GET,views:list,"ConnectTimeoutError(<HTTPConnection(host='localhost', port=8000) at 0x111931a50>, 'Connection to localhost timed out. (connect timeout=None)')",1,2026-05-16T15:05:36Z,2026-05-16T15:05:36Z
GET,views:list,"ConnectTimeoutError(<HTTPConnection(host='localhost', port=8000) at 0x111b36550>, 'Connection to localhost timed out. (connect timeout=None)')",1,2026-05-16T15:05:50Z,2026-05-16T15:05:50Z
GET,views:list,"ConnectTimeoutError(<HTTPConnection(host='localhost', port=8000) at 0x111a49e50>, 'Connection to localhost timed out. (connect timeout=None)')",1,2026-05-16T15:05:48Z,2026-05-16T15:05:48Z
GET,cached-stats:no-target,"ConnectTimeoutError(<HTTPConnection(host='localhost', port=8000) at 0x111813b50>, 'Connection to localhost timed out. (connect timeout=None)')",1,2026-05-16T15:05:45Z,2026-05-16T15:05:45Z
GET,views:list,"ConnectTimeoutError(<HTTPConnection(host='localhost', port=8000) at 0x111517950>, 'Connection to localhost timed out. (connect timeout=None)')",1,2026-05-16T15:05:39Z,2026-05-16T15:05:39Z
GET,cached-stats:no-target,"ConnectTimeoutError(<HTTPConnection(host='localhost', port=8000) at 0x111997450>, 'Connection to localhost timed out. (connect timeout=None)')",1,2026-05-16T15:05:47Z,2026-05-16T15:05:47Z
GET,announcements:list,"ConnectTimeoutError(<HTTPConnection(host='localhost', port=8000) at 0x111c96550>, 'Connection to localhost timed out. (connect timeout=None)')",1,2026-05-16T15:05:57Z,2026-05-16T15:05:57Z
GET,views:popular,"ConnectTimeoutError(<HTTPConnection(host='localhost', port=8000) at 0x111c19350>, 'Connection to localhost timed out. (connect timeout=None)')",1,2026-05-16T15:05:56Z,2026-05-16T15:05:56Z
GET,views:list,"ConnectTimeoutError(<HTTPConnection(host='localhost', port=8000) at 0x1119fcb50>, 'Connection to localhost timed out. (connect timeout=None)')",1,2026-05-16T15:05:47Z,2026-05-16T15:05:47Z
GET,announcements:list,"ConnectTimeoutError(<HTTPConnection(host='localhost', port=8000) at 0x111ce5950>, 'Connection to localhost timed out. (connect timeout=None)')",1,2026-05-16T15:05:58Z,2026-05-16T15:05:58Z
GET,views:list,"ConnectTimeoutError(<HTTPConnection(host='localhost', port=8000) at 0x111516a50>, 'Connection to localhost timed out. (connect timeout=None)')",1,2026-05-16T15:05:39Z,2026-05-16T15:05:39Z
GET,cached-stats:no-target,"ConnectTimeoutError(<HTTPConnection(host='localhost', port=8000) at 0x111931550>, 'Connection to localhost timed out. (connect timeout=None)')",1,2026-05-16T15:05:38Z,2026-05-16T15:05:38Z
GET,cached-stats:no-target,"ConnectTimeoutError(<HTTPConnection(host='localhost', port=8000) at 0x111c53c50>, 'Connection to localhost timed out. (connect timeout=None)')",1,2026-05-16T15:05:57Z,2026-05-16T15:05:57Z
GET,cached-stats:no-target,"ConnectTimeoutError(<HTTPConnection(host='localhost', port=8000) at 0x111e75a50>, 'Connection to localhost timed out. (connect timeout=None)')",1,2026-05-16T15:06:05Z,2026-05-16T15:06:05Z
GET,cached-stats:no-target,"ConnectTimeoutError(<HTTPConnection(host='localhost', port=8000) at 0x111e48b50>, 'Connection to localhost timed out. (connect timeout=None)')",1,2026-05-16T15:06:05Z,2026-05-16T15:06:05Z
GET,views:list,"ConnectTimeoutError(<HTTPConnection(host='localhost', port=8000) at 0x111b36350>, 'Connection to localhost timed out. (connect timeout=None)')",1,2026-05-16T15:05:49Z,2026-05-16T15:05:49Z
GET,views:list,"ConnectTimeoutError(<HTTPConnection(host='localhost', port=8000) at 0x111e48850>, 'Connection to localhost timed out. (connect timeout=None)')",1,2026-05-16T15:06:05Z,2026-05-16T15:06:05Z
GET,views:list,"ConnectTimeoutError(<HTTPConnection(host='localhost', port=8000) at 0x111c18d50>, 'Connection to localhost timed out. (connect timeout=None)')",1,2026-05-16T15:05:55Z,2026-05-16T15:05:55Z
GET,cached-stats:no-target,"ConnectTimeoutError(<HTTPConnection(host='localhost', port=8000) at 0x111b36150>, 'Connection to localhost timed out. (connect timeout=None)')",1,2026-05-16T15:05:51Z,2026-05-16T15:05:51Z
GET,cached-stats:no-target,"ConnectTimeoutError(<HTTPConnection(host='localhost', port=8000) at 0x111932550>, 'Connection to localhost timed out. (connect timeout=None)')",1,2026-05-16T15:05:36Z,2026-05-16T15:05:36Z
GET,views:list,"ConnectTimeoutError(<HTTPConnection(host='localhost', port=8000) at 0x1116d7c50>, 'Connection to localhost timed out. (connect timeout=None)')",1,2026-05-16T15:05:41Z,2026-05-16T15:05:41Z
GET,cached-stats:no-target,"ConnectTimeoutError(<HTTPConnection(host='localhost', port=8000) at 0x1119fd650>, 'Connection to localhost timed out. (connect timeout=None)')",1,2026-05-16T15:05:46Z,2026-05-16T15:05:46Z
GET,views:list,"ConnectTimeoutError(<HTTPConnection(host='localhost', port=8000) at 0x1119fc350>, 'Connection to localhost timed out. (connect timeout=None)')",1,2026-05-16T15:05:46Z,2026-05-16T15:05:46Z
GET,views:list,"ConnectTimeoutError(<HTTPConnection(host='localhost', port=8000) at 0x111d3f050>, 'Connection to localhost timed out. (connect timeout=None)')",1,2026-05-16T15:05:59Z,2026-05-16T15:05:59Z
GET,announcements:list,"ConnectTimeoutError(<HTTPConnection(host='localhost', port=8000) at 0x111ae0c50>, 'Connection to localhost timed out. (connect timeout=None)')",1,2026-05-16T15:05:49Z,2026-05-16T15:05:49Z
GET,cached-stats:no-target,"ConnectTimeoutError(<HTTPConnection(host='localhost', port=8000) at 0x111a49250>, 'Connection to localhost timed out. (connect timeout=None)')",1,2026-05-16T15:05:48Z,2026-05-16T15:05:48Z
GET,cached-stats:no-target,"ConnectTimeoutError(<HTTPConnection(host='localhost', port=8000) at 0x111516450>, 'Connection to localhost timed out. (connect timeout=None)')",1,2026-05-16T15:05:39Z,2026-05-16T15:05:39Z
GET,cached-stats:no-target,"ConnectTimeoutError(<HTTPConnection(host='localhost', port=8000) at 0x111bf4650>, 'Connection to localhost timed out. (connect timeout=None)')",1,2026-05-16T15:05:55Z,2026-05-16T15:05:55Z
GET,cached-stats:no-target,"ConnectTimeoutError(<HTTPConnection(host='localhost', port=8000) at 0x111b35850>, 'Connection to localhost timed out. (connect timeout=None)')",1,2026-05-16T15:05:50Z,2026-05-16T15:05:50Z
GET,views:list,"ConnectTimeoutError(<HTTPConnection(host='localhost', port=8000) at 0x111810050>, 'Connection to localhost timed out. (connect timeout=None)')",1,2026-05-16T15:05:40Z,2026-05-16T15:05:40Z
GET,views:list,"ConnectTimeoutError(<HTTPConnection(host='localhost', port=8000) at 0x111ae0950>, 'Connection to localhost timed out. (connect timeout=None)')",1,2026-05-16T15:05:48Z,2026-05-16T15:05:48Z
GET,views:list,"ConnectTimeoutError(<HTTPConnection(host='localhost', port=8000) at 0x111635050>, 'Connection to localhost timed out. (connect timeout=None)')",1,2026-05-16T15:05:40Z,2026-05-16T15:05:40Z
GET,cached-stats:no-target,"ConnectTimeoutError(<HTTPConnection(host='localhost', port=8000) at 0x111a4a850>, 'Connection to localhost timed out. (connect timeout=None)')",1,2026-05-16T15:05:47Z,2026-05-16T15:05:47Z
GET,views:list,"ConnectTimeoutError(<HTTPConnection(host='localhost', port=8000) at 0x111e75750>, 'Connection to localhost timed out. (connect timeout=None)')",1,2026-05-16T15:06:05Z,2026-05-16T15:06:05Z
GET,views:list,"ConnectTimeoutError(<HTTPConnection(host='localhost', port=8000) at 0x111259450>, 'Connection to localhost timed out. (connect timeout=None)')",1,2026-05-16T15:05:38Z,2026-05-16T15:05:38Z
GET,views:popular,"ConnectTimeoutError(<HTTPConnection(host='localhost', port=8000) at 0x1116d5f50>, 'Connection to localhost timed out. (connect timeout=None)')",1,2026-05-16T15:05:41Z,2026-05-16T15:05:41Z
GET,views:list,"ConnectTimeoutError(<HTTPConnection(host='localhost', port=8000) at 0x111d84e50>, 'Connection to localhost timed out. (connect timeout=None)')",1,2026-05-16T15:06:00Z,2026-05-16T15:06:00Z
GET,cached-stats:no-target,"ConnectTimeoutError(<HTTPConnection(host='localhost', port=8000) at 0x111d86b50>, 'Connection to localhost timed out. (connect timeout=None)')",1,2026-05-16T15:06:01Z,2026-05-16T15:06:01Z
GET,views:popular,"ConnectTimeoutError(<HTTPConnection(host='localhost', port=8000) at 0x111e76150>, 'Connection to localhost timed out. (connect timeout=None)')",1,2026-05-16T15:06:05Z,2026-05-16T15:06:05Z
GET,views:list,"ConnectTimeoutError(<HTTPConnection(host='localhost', port=8000) at 0x111a49c50>, 'Connection to localhost timed out. (connect timeout=None)')",1,2026-05-16T15:05:49Z,2026-05-16T15:05:49Z
GET,announcements:list,"ConnectTimeoutError(<HTTPConnection(host='localhost', port=8000) at 0x111d3f850>, 'Connection to localhost timed out. (connect timeout=None)')",1,2026-05-16T15:06:00Z,2026-05-16T15:06:00Z
GET,views:list,"ConnectTimeoutError(<HTTPConnection(host='localhost', port=8000) at 0x111c97850>, 'Connection to localhost timed out. (connect timeout=None)')",1,2026-05-16T15:05:57Z,2026-05-16T15:05:57Z
GET,announcements:list,"ConnectTimeoutError(<HTTPConnection(host='localhost', port=8000) at 0x111eb4550>, 'Connection to localhost timed out. (connect timeout=None)')",1,2026-05-16T15:06:06Z,2026-05-16T15:06:06Z
GET,cached-stats:no-target,"ConnectTimeoutError(<HTTPConnection(host='localhost', port=8000) at 0x111bf6f50>, 'Connection to localhost timed out. (connect timeout=None)')",1,2026-05-16T15:05:55Z,2026-05-16T15:05:55Z
GET,views:popular,"ConnectTimeoutError(<HTTPConnection(host='localhost', port=8000) at 0x111996650>, 'Connection to localhost timed out. (connect timeout=None)')",1,2026-05-16T15:05:47Z,2026-05-16T15:05:47Z
GET,cached-stats:no-target,"ConnectTimeoutError(<HTTPConnection(host='localhost', port=8000) at 0x111514550>, 'Connection to localhost timed out. (connect timeout=None)')",1,2026-05-16T15:05:38Z,2026-05-16T15:05:38Z
GET,views:list,"ConnectTimeoutError(<HTTPConnection(host='localhost', port=8000) at 0x111ce7b50>, 'Connection to localhost timed out. (connect timeout=None)')",1,2026-05-16T15:05:59Z,2026-05-16T15:05:59Z
GET,views:list,"ConnectTimeoutError(<HTTPConnection(host='localhost', port=8000) at 0x111634d50>, 'Connection to localhost timed out. (connect timeout=None)')",1,2026-05-16T15:05:38Z,2026-05-16T15:05:38Z
GET,views:list,"ConnectTimeoutError(<HTTPConnection(host='localhost', port=8000) at 0x111635750>, 'Connection to localhost timed out. (connect timeout=None)')",1,2026-05-16T15:05:40Z,2026-05-16T15:05:40Z
GET,cached-stats:no-target,"ConnectTimeoutError(<HTTPConnection(host='localhost', port=8000) at 0x111514f50>, 'Connection to localhost timed out. (connect timeout=None)')",1,2026-05-16T15:05:37Z,2026-05-16T15:05:37Z
GET,cached-stats:no-target,"ConnectTimeoutError(<HTTPConnection(host='localhost', port=8000) at 0x111c19b50>, 'Connection to localhost timed out. (connect timeout=None)')",1,2026-05-16T15:05:56Z,2026-05-16T15:05:56Z
GET,cached-stats:no-target,"ConnectTimeoutError(<HTTPConnection(host='localhost', port=8000) at 0x1119fd150>, 'Connection to localhost timed out. (connect timeout=None)')",1,2026-05-16T15:05:47Z,2026-05-16T15:05:47Z
GET,announcements:list,"ConnectTimeoutError(<HTTPConnection(host='localhost', port=8000) at 0x111811350>, 'Connection to localhost timed out. (connect timeout=None)')",1,2026-05-16T15:05:46Z,2026-05-16T15:05:46Z
GET,cached-stats:no-target,"ConnectTimeoutError(<HTTPConnection(host='localhost', port=8000) at 0x111931450>, 'Connection to localhost timed out. (connect timeout=None)')",1,2026-05-16T15:05:37Z,2026-05-16T15:05:37Z
GET,cached-stats:no-target,"ConnectTimeoutError(<HTTPConnection(host='localhost', port=8000) at 0x111ae2250>, 'Connection to localhost timed out. (connect timeout=None)')",1,2026-05-16T15:05:50Z,2026-05-16T15:05:50Z
GET,cached-stats:no-target,"ConnectTimeoutError(<HTTPConnection(host='localhost', port=8000) at 0x111514a50>, 'Connection to localhost timed out. (connect timeout=None)')",1,2026-05-16T15:05:39Z,2026-05-16T15:05:39Z
GET,cached-stats:no-target,"ConnectTimeoutError(<HTTPConnection(host='localhost', port=8000) at 0x11125ac50>, 'Connection to localhost timed out. (connect timeout=None)')",1,2026-05-16T15:05:37Z,2026-05-16T15:05:37Z
GET,views:list,"ConnectTimeoutError(<HTTPConnection(host='localhost', port=8000) at 0x111d85850>, 'Connection to localhost timed out. (connect timeout=None)')",1,2026-05-16T15:05:58Z,2026-05-16T15:05:58Z
GET,cached-stats:no-target,"ConnectTimeoutError(<HTTPConnection(host='localhost', port=8000) at 0x111637250>, 'Connection to localhost timed out. (connect timeout=None)')",1,2026-05-16T15:05:40Z,2026-05-16T15:05:40Z
GET,views:list,"ConnectTimeoutError(<HTTPConnection(host='localhost', port=8000) at 0x111d3c050>, 'Connection to localhost timed out. (connect timeout=None)')",1,2026-05-16T15:05:59Z,2026-05-16T15:05:59Z
GET,views:list,"ConnectTimeoutError(<HTTPConnection(host='localhost', port=8000) at 0x111635850>, 'Connection to localhost timed out. (connect timeout=None)')",1,2026-05-16T15:05:40Z,2026-05-16T15:05:40Z
GET,cached-stats:no-target,"ConnectTimeoutError(<HTTPConnection(host='localhost', port=8000) at 0x1116d6350>, 'Connection to localhost timed out. (connect timeout=None)')",1,2026-05-16T15:05:41Z,2026-05-16T15:05:41Z
GET,views:popular,"ConnectTimeoutError(<HTTPConnection(host='localhost', port=8000) at 0x111995050>, 'Connection to localhost timed out. (connect timeout=None)')",1,2026-05-16T15:05:41Z,2026-05-16T15:05:41Z
GET,cached-stats:no-target,"ConnectTimeoutError(<HTTPConnection(host='localhost', port=8000) at 0x111e4be50>, 'Connection to localhost timed out. (connect timeout=None)')",1,2026-05-16T15:06:05Z,2026-05-16T15:06:05Z
GET,views:list,"ConnectTimeoutError(<HTTPConnection(host='localhost', port=8000) at 0x111813150>, 'Connection to localhost timed out. (connect timeout=None)')",1,2026-05-16T15:05:41Z,2026-05-16T15:05:41Z
GET,cached-stats:no-target,"ConnectTimeoutError(<HTTPConnection(host='localhost', port=8000) at 0x111933350>, 'Connection to localhost timed out. (connect timeout=None)')",1,2026-05-16T15:05:37Z,2026-05-16T15:05:37Z
GET,views:list,"ConnectTimeoutError(<HTTPConnection(host='localhost', port=8000) at 0x111ce4950>, 'Connection to localhost timed out. (connect timeout=None)')",1,2026-05-16T15:05:58Z,2026-05-16T15:05:58Z
GET,views:list,"ConnectTimeoutError(<HTTPConnection(host='localhost', port=8000) at 0x111d3f950>, 'Connection to localhost timed out. (connect timeout=None)')",1,2026-05-16T15:05:58Z,2026-05-16T15:05:58Z
GET,cached-stats:no-target,"ConnectTimeoutError(<HTTPConnection(host='localhost', port=8000) at 0x111c50150>, 'Connection to localhost timed out. (connect timeout=None)')",1,2026-05-16T15:05:56Z,2026-05-16T15:05:56Z
GET,announcements:list,"ConnectTimeoutError(<HTTPConnection(host='localhost', port=8000) at 0x111a48950>, 'Connection to localhost timed out. (connect timeout=None)')",1,2026-05-16T15:05:49Z,2026-05-16T15:05:49Z
GET,announcements:list,"ConnectTimeoutError(<HTTPConnection(host='localhost', port=8000) at 0x111bf7450>, 'Connection to localhost timed out. (connect timeout=None)')",1,2026-05-16T15:05:55Z,2026-05-16T15:05:55Z
GET,views:list,"ConnectTimeoutError(<HTTPConnection(host='localhost', port=8000) at 0x111933850>, 'Connection to localhost timed out. (connect timeout=None)')",1,2026-05-16T15:05:37Z,2026-05-16T15:05:37Z
GET,cached-stats:no-target,"ConnectTimeoutError(<HTTPConnection(host='localhost', port=8000) at 0x1116d7250>, 'Connection to localhost timed out. (connect timeout=None)')",1,2026-05-16T15:05:47Z,2026-05-16T15:05:47Z
GET,views:list,"ConnectTimeoutError(<HTTPConnection(host='localhost', port=8000) at 0x111e4a550>, 'Connection to localhost timed out. (connect timeout=None)')",1,2026-05-16T15:06:05Z,2026-05-16T15:06:05Z
GET,announcements:list,"ConnectTimeoutError(<HTTPConnection(host='localhost', port=8000) at 0x111931150>, 'Connection to localhost timed out. (connect timeout=None)')",1,2026-05-16T15:05:36Z,2026-05-16T15:05:36Z
GET,cached-stats:no-target,"ConnectTimeoutError(<HTTPConnection(host='localhost', port=8000) at 0x111930950>, 'Connection to localhost timed out. (connect timeout=None)')",1,2026-05-16T15:05:36Z,2026-05-16T15:05:36Z
GET,cached-stats:no-target,"ConnectTimeoutError(<HTTPConnection(host='localhost', port=8000) at 0x111bf6350>, 'Connection to localhost timed out. (connect timeout=None)')",1,2026-05-16T15:05:55Z,2026-05-16T15:05:55Z
GET,cached-stats:no-target,"ConnectTimeoutError(<HTTPConnection(host='localhost', port=8000) at 0x111c19650>, 'Connection to localhost timed out. (connect timeout=None)')",1,2026-05-16T15:05:55Z,2026-05-16T15:05:55Z
GET,views:list,"ConnectTimeoutError(<HTTPConnection(host='localhost', port=8000) at 0x111932a50>, 'Connection to localhost timed out. (connect timeout=None)')",1,2026-05-16T15:05:36Z,2026-05-16T15:05:36Z
GET,cached-stats:no-target,"ConnectTimeoutError(<HTTPConnection(host='localhost', port=8000) at 0x111516250>, 'Connection to localhost timed out. (connect timeout=None)')",1,2026-05-16T15:05:39Z,2026-05-16T15:05:39Z
GET,views:list,"ConnectTimeoutError(<HTTPConnection(host='localhost', port=8000) at 0x111c18650>, 'Connection to localhost timed out. (connect timeout=None)')",1,2026-05-16T15:05:55Z,2026-05-16T15:05:55Z
GET,announcements:list,"ConnectTimeoutError(<HTTPConnection(host='localhost', port=8000) at 0x111e4a950>, 'Connection to localhost timed out. (connect timeout=None)')",1,2026-05-16T15:06:04Z,2026-05-16T15:06:04Z
GET,cached-stats:no-target,"ConnectTimeoutError(<HTTPConnection(host='localhost', port=8000) at 0x111de3350>, 'Connection to localhost timed out. (connect timeout=None)')",1,2026-05-16T15:06:04Z,2026-05-16T15:06:04Z
GET,cached-stats:no-target,"ConnectTimeoutError(<HTTPConnection(host='localhost', port=8000) at 0x111eb5450>, 'Connection to localhost timed out. (connect timeout=None)')",1,2026-05-16T15:06:06Z,2026-05-16T15:06:06Z
GET,cached-stats:no-target,"ConnectTimeoutError(<HTTPConnection(host='localhost', port=8000) at 0x111259750>, 'Connection to localhost timed out. (connect timeout=None)')",1,2026-05-16T15:05:37Z,2026-05-16T15:05:37Z
GET,cached-stats:no-target,"ConnectTimeoutError(<HTTPConnection(host='localhost', port=8000) at 0x111994c50>, 'Connection to localhost timed out. (connect timeout=None)')",1,2026-05-16T15:05:38Z,2026-05-16T15:05:38Z
GET,cached-stats:no-target,"ConnectTimeoutError(<HTTPConnection(host='localhost', port=8000) at 0x111bf5650>, 'Connection to localhost timed out. (connect timeout=None)')",1,2026-05-16T15:05:54Z,2026-05-16T15:05:54Z
GET,views:list,"ConnectTimeoutError(<HTTPConnection(host='localhost', port=8000) at 0x111ce4050>, 'Connection to localhost timed out. (connect timeout=None)')",1,2026-05-16T15:05:57Z,2026-05-16T15:05:57Z
GET,views:list,"ConnectTimeoutError(<HTTPConnection(host='localhost', port=8000) at 0x111a7b350>, 'Connection to localhost timed out. (connect timeout=None)')",1,2026-05-16T15:06:03Z,2026-05-16T15:06:03Z
GET,views:list,"ConnectTimeoutError(<HTTPConnection(host='localhost', port=8000) at 0x111c53950>, 'Connection to localhost timed out. (connect timeout=None)')",1,2026-05-16T15:05:56Z,2026-05-16T15:05:56Z
GET,announcements:list,"ConnectTimeoutError(<HTTPConnection(host='localhost', port=8000) at 0x11125b550>, 'Connection to localhost timed out. (connect timeout=None)')",1,2026-05-16T15:05:38Z,2026-05-16T15:05:38Z
GET,views:popular,"ConnectTimeoutError(<HTTPConnection(host='localhost', port=8000) at 0x111c96050>, 'Connection to localhost timed out. (connect timeout=None)')",1,2026-05-16T15:05:58Z,2026-05-16T15:05:58Z
GET,announcements:list,"ConnectTimeoutError(<HTTPConnection(host='localhost', port=8000) at 0x111de3b50>, 'Connection to localhost timed out. (connect timeout=None)')",1,2026-05-16T15:06:04Z,2026-05-16T15:06:04Z
GET,cached-stats:no-target,"ConnectTimeoutError(<HTTPConnection(host='localhost', port=8000) at 0x111930c50>, 'Connection to localhost timed out. (connect timeout=None)')",1,2026-05-16T15:05:36Z,2026-05-16T15:05:36Z
GET,views:list,"ConnectTimeoutError(<HTTPConnection(host='localhost', port=8000) at 0x111c52f50>, 'Connection to localhost timed out. (connect timeout=None)')",1,2026-05-16T15:05:56Z,2026-05-16T15:05:56Z
GET,views:popular,"ConnectTimeoutError(<HTTPConnection(host='localhost', port=8000) at 0x111d85250>, 'Connection to localhost timed out. (connect timeout=None)')",1,2026-05-16T15:05:59Z,2026-05-16T15:05:59Z
GET,views:list,"ConnectTimeoutError(<HTTPConnection(host='localhost', port=8000) at 0x111d84450>, 'Connection to localhost timed out. (connect timeout=None)')",1,2026-05-16T15:06:00Z,2026-05-16T15:06:00Z
GET,announcements:list,"ConnectTimeoutError(<HTTPConnection(host='localhost', port=8000) at 0x111636c50>, 'Connection to localhost timed out. (connect timeout=None)')",1,2026-05-16T15:05:40Z,2026-05-16T15:05:40Z
GET,cached-stats:no-target,"ConnectTimeoutError(<HTTPConnection(host='localhost', port=8000) at 0x111bf6250>, 'Connection to localhost timed out. (connect timeout=None)')",1,2026-05-16T15:05:55Z,2026-05-16T15:05:55Z
GET,cached-stats:no-target,"ConnectTimeoutError(<HTTPConnection(host='localhost', port=8000) at 0x111c50450>, 'Connection to localhost timed out. (connect timeout=None)')",1,2026-05-16T15:05:57Z,2026-05-16T15:05:57Z
GET,announcements:list,"ConnectTimeoutError(<HTTPConnection(host='localhost', port=8000) at 0x111994d50>, 'Connection to localhost timed out. (connect timeout=None)')",1,2026-05-16T15:05:37Z,2026-05-16T15:05:37Z
GET,views:list,"ConnectTimeoutError(<HTTPConnection(host='localhost', port=8000) at 0x111517550>, 'Connection to localhost timed out. (connect timeout=None)')",1,2026-05-16T15:05:39Z,2026-05-16T15:05:39Z
GET,views:popular,"ConnectTimeoutError(<HTTPConnection(host='localhost', port=8000) at 0x111eb6350>, 'Connection to localhost timed out. (connect timeout=None)')",1,2026-05-16T15:06:06Z,2026-05-16T15:06:06Z
GET,announcements:list,"ConnectTimeoutError(<HTTPConnection(host='localhost', port=8000) at 0x111811050>, 'Connection to localhost timed out. (connect timeout=None)')",1,2026-05-16T15:05:45Z,2026-05-16T15:05:45Z
GET,views:list,"ConnectTimeoutError(<HTTPConnection(host='localhost', port=8000) at 0x111994550>, 'Connection to localhost timed out. (connect timeout=None)')",1,2026-05-16T15:05:37Z,2026-05-16T15:05:37Z
GET,cached-stats:no-target,"ConnectTimeoutError(<HTTPConnection(host='localhost', port=8000) at 0x111b36a50>, 'Connection to localhost timed out. (connect timeout=None)')",1,2026-05-16T15:05:49Z,2026-05-16T15:05:49Z
GET,views:list,"ConnectTimeoutError(<HTTPConnection(host='localhost', port=8000) at 0x111d3dd50>, 'Connection to localhost timed out. (connect timeout=None)')",1,2026-05-16T15:05:59Z,2026-05-16T15:05:59Z
GET,cached-stats:no-target,"ConnectTimeoutError(<HTTPConnection(host='localhost', port=8000) at 0x111eb5950>, 'Connection to localhost timed out. (connect timeout=None)')",1,2026-05-16T15:06:06Z,2026-05-16T15:06:06Z
GET,views:list,"ConnectTimeoutError(<HTTPConnection(host='localhost', port=8000) at 0x111a4aa50>, 'Connection to localhost timed out. (connect timeout=None)')",1,2026-05-16T15:05:47Z,2026-05-16T15:05:47Z
GET,cached-stats:no-target,"ConnectTimeoutError(<HTTPConnection(host='localhost', port=8000) at 0x1116d7a50>, 'Connection to localhost timed out. (connect timeout=None)')",1,2026-05-16T15:05:47Z,2026-05-16T15:05:47Z
GET,announcements:list,"ConnectTimeoutError(<HTTPConnection(host='localhost', port=8000) at 0x111e49550>, 'Connection to localhost timed out. (connect timeout=None)')",1,2026-05-16T15:06:04Z,2026-05-16T15:06:04Z
GET,announcements:list,"ConnectTimeoutError(<HTTPConnection(host='localhost', port=8000) at 0x111515f50>, 'Connection to localhost timed out. (connect timeout=None)')",1,2026-05-16T15:05:39Z,2026-05-16T15:05:39Z
GET,views:list,"ConnectTimeoutError(<HTTPConnection(host='localhost', port=8000) at 0x111a4af50>, 'Connection to localhost timed out. (connect timeout=None)')",1,2026-05-16T15:05:48Z,2026-05-16T15:05:48Z
GET,cached-stats:no-target,"ConnectTimeoutError(<HTTPConnection(host='localhost', port=8000) at 0x111e4a650>, 'Connection to localhost timed out. (connect timeout=None)')",1,2026-05-16T15:06:05Z,2026-05-16T15:06:05Z
GET,views:popular,"ConnectTimeoutError(<HTTPConnection(host='localhost', port=8000) at 0x111ce4f50>, 'Connection to localhost timed out. (connect timeout=None)')",1,2026-05-16T15:05:57Z,2026-05-16T15:05:57Z
GET,views:list,"ConnectTimeoutError(<HTTPConnection(host='localhost', port=8000) at 0x111a7b950>, 'Connection to localhost timed out. (connect timeout=None)')",1,2026-05-16T15:05:49Z,2026-05-16T15:05:49Z
GET,views:list,"ConnectTimeoutError(<HTTPConnection(host='localhost', port=8000) at 0x111516550>, 'Connection to localhost timed out. (connect timeout=None)')",1,2026-05-16T15:05:39Z,2026-05-16T15:05:39Z
GET,cached-stats:no-target,"ConnectTimeoutError(<HTTPConnection(host='localhost', port=8000) at 0x111e77350>, 'Connection to localhost timed out. (connect timeout=None)')",1,2026-05-16T15:06:06Z,2026-05-16T15:06:06Z
GET,announcements:list,"ConnectTimeoutError(<HTTPConnection(host='localhost', port=8000) at 0x111ce7750>, 'Connection to localhost timed out. (connect timeout=None)')",1,2026-05-16T15:05:58Z,2026-05-16T15:05:58Z
GET,views:list,"ConnectTimeoutError(<HTTPConnection(host='localhost', port=8000) at 0x1116d5450>, 'Connection to localhost timed out. (connect timeout=None)')",1,2026-05-16T15:05:41Z,2026-05-16T15:05:41Z
GET,cached-stats:no-target,"ConnectTimeoutError(<HTTPConnection(host='localhost', port=8000) at 0x111c50750>, 'Connection to localhost timed out. (connect timeout=None)')",1,2026-05-16T15:05:57Z,2026-05-16T15:05:57Z
GET,announcements:list,"ConnectTimeoutError(<HTTPConnection(host='localhost', port=8000) at 0x111c95050>, 'Connection to localhost timed out. (connect timeout=None)')",1,2026-05-16T15:05:58Z,2026-05-16T15:05:58Z
GET,views:popular,"ConnectTimeoutError(<HTTPConnection(host='localhost', port=8000) at 0x111d3c250>, 'Connection to localhost timed out. (connect timeout=None)')",1,2026-05-16T15:05:59Z,2026-05-16T15:05:59Z
GET,cached-stats:no-target,"ConnectTimeoutError(<HTTPConnection(host='localhost', port=8000) at 0x111634450>, 'Connection to localhost timed out. (connect timeout=None)')",1,2026-05-16T15:05:39Z,2026-05-16T15:05:39Z
GET,cached-stats:no-target,"ConnectTimeoutError(<HTTPConnection(host='localhost', port=8000) at 0x111d3cb50>, 'Connection to localhost timed out. (connect timeout=None)')",1,2026-05-16T15:05:58Z,2026-05-16T15:05:58Z
GET,views:list,"ConnectTimeoutError(<HTTPConnection(host='localhost', port=8000) at 0x111930250>, 'Connection to localhost timed out. (connect timeout=None)')",1,2026-05-16T15:05:41Z,2026-05-16T15:05:41Z
GET,cached-stats:no-target,"ConnectTimeoutError(<HTTPConnection(host='localhost', port=8000) at 0x111812450>, 'Connection to localhost timed out. (connect timeout=None)')",1,2026-05-16T15:05:41Z,2026-05-16T15:05:41Z
GET,announcements:list,"ConnectTimeoutError(<HTTPConnection(host='localhost', port=8000) at 0x111a4a550>, 'Connection to localhost timed out. (connect timeout=None)')",1,2026-05-16T15:05:49Z,2026-05-16T15:05:49Z
GET,views:list,"ConnectTimeoutError(<HTTPConnection(host='localhost', port=8000) at 0x111c19d50>, 'Connection to localhost timed out. (connect timeout=None)')",1,2026-05-16T15:05:56Z,2026-05-16T15:05:56Z
GET,cached-stats:no-target,"ConnectTimeoutError(<HTTPConnection(host='localhost', port=8000) at 0x111d84c50>, 'Connection to localhost timed out. (connect timeout=None)')",1,2026-05-16T15:05:59Z,2026-05-16T15:05:59Z
GET,views:list,"ConnectTimeoutError(<HTTPConnection(host='localhost', port=8000) at 0x111ae0550>, 'Connection to localhost timed out. (connect timeout=None)')",1,2026-05-16T15:05:48Z,2026-05-16T15:05:48Z
GET,views:list,"ConnectTimeoutError(<HTTPConnection(host='localhost', port=8000) at 0x111e49250>, 'Connection to localhost timed out. (connect timeout=None)')",1,2026-05-16T15:06:05Z,2026-05-16T15:06:05Z
GET,cached-stats:no-target,"ConnectTimeoutError(<HTTPConnection(host='localhost', port=8000) at 0x111636750>, 'Connection to localhost timed out. (connect timeout=None)')",1,2026-05-16T15:05:40Z,2026-05-16T15:05:40Z
GET,announcements:list,"ConnectTimeoutError(<HTTPConnection(host='localhost', port=8000) at 0x111931650>, 'Connection to localhost timed out. (connect timeout=None)')",1,2026-05-16T15:05:36Z,2026-05-16T15:05:36Z
GET,views:list,"ConnectTimeoutError(<HTTPConnection(host='localhost', port=8000) at 0x111c52350>, 'Connection to localhost timed out. (connect timeout=None)')",1,2026-05-16T15:05:57Z,2026-05-16T15:05:57Z
GET,views:list,"ConnectTimeoutError(<HTTPConnection(host='localhost', port=8000) at 0x111e48450>, 'Connection to localhost timed out. (connect timeout=None)')",1,2026-05-16T15:06:04Z,2026-05-16T15:06:04Z
GET,views:list,"ConnectTimeoutError(<HTTPConnection(host='localhost', port=8000) at 0x111a49a50>, 'Connection to localhost timed out. (connect timeout=None)')",1,2026-05-16T15:05:48Z,2026-05-16T15:05:48Z
GET,views:list,"ConnectTimeoutError(<HTTPConnection(host='localhost', port=8000) at 0x1116d4750>, 'Connection to localhost timed out. (connect timeout=None)')",1,2026-05-16T15:05:40Z,2026-05-16T15:05:40Z
GET,views:list,"ConnectTimeoutError(<HTTPConnection(host='localhost', port=8000) at 0x111a4b450>, 'Connection to localhost timed out. (connect timeout=None)')",1,2026-05-16T15:05:48Z,2026-05-16T15:05:48Z
GET,cached-stats:no-target,"ConnectTimeoutError(<HTTPConnection(host='localhost', port=8000) at 0x111bf5e50>, 'Connection to localhost timed out. (connect timeout=None)')",1,2026-05-16T15:05:56Z,2026-05-16T15:05:56Z
GET,cached-stats:no-target,"ConnectTimeoutError(<HTTPConnection(host='localhost', port=8000) at 0x11125ae50>, 'Connection to localhost timed out. (connect timeout=None)')",1,2026-05-16T15:05:37Z,2026-05-16T15:05:37Z
GET,views:list,"ConnectTimeoutError(<HTTPConnection(host='localhost', port=8000) at 0x111ae1d50>, 'Connection to localhost timed out. (connect timeout=None)')",1,2026-05-16T15:05:49Z,2026-05-16T15:05:49Z
GET,views:popular,"ConnectTimeoutError(<HTTPConnection(host='localhost', port=8000) at 0x111eb7550>, 'Connection to localhost timed out. (connect timeout=None)')",1,2026-05-16T15:06:06Z,2026-05-16T15:06:06Z
GET,views:list,"ConnectTimeoutError(<HTTPConnection(host='localhost', port=8000) at 0x111e48550>, 'Connection to localhost timed out. (connect timeout=None)')",1,2026-05-16T15:06:03Z,2026-05-16T15:06:03Z
GET,views:list,"ConnectTimeoutError(<HTTPConnection(host='localhost', port=8000) at 0x111ce4d50>, 'Connection to localhost timed out. (connect timeout=None)')",1,2026-05-16T15:05:57Z,2026-05-16T15:05:57Z
GET,views:popular,"ConnectTimeoutError(<HTTPConnection(host='localhost', port=8000) at 0x111811750>, 'Connection to localhost timed out. (connect timeout=None)')",1,2026-05-16T15:05:41Z,2026-05-16T15:05:41Z
GET,views:list,"ConnectTimeoutError(<HTTPConnection(host='localhost', port=8000) at 0x11125a450>, 'Connection to localhost timed out. (connect timeout=None)')",1,2026-05-16T15:05:37Z,2026-05-16T15:05:37Z
GET,cached-stats:no-target,"ConnectTimeoutError(<HTTPConnection(host='localhost', port=8000) at 0x111995950>, 'Connection to localhost timed out. (connect timeout=None)')",1,2026-05-16T15:05:38Z,2026-05-16T15:05:38Z
GET,views:list,"ConnectTimeoutError(<HTTPConnection(host='localhost', port=8000) at 0x111d3d150>, 'Connection to localhost timed out. (connect timeout=None)')",1,2026-05-16T15:05:58Z,2026-05-16T15:05:58Z
GET,cached-stats:no-target,"ConnectTimeoutError(<HTTPConnection(host='localhost', port=8000) at 0x111e49e50>, 'Connection to localhost timed out. (connect timeout=None)')",1,2026-05-16T15:06:04Z,2026-05-16T15:06:04Z
GET,views:list,"ConnectTimeoutError(<HTTPConnection(host='localhost', port=8000) at 0x111eb6e50>, 'Connection to localhost timed out. (connect timeout=None)')",1,2026-05-16T15:06:05Z,2026-05-16T15:06:05Z
GET,cached-stats:no-target,"ConnectTimeoutError(<HTTPConnection(host='localhost', port=8000) at 0x111e4b250>, 'Connection to localhost timed out. (connect timeout=None)')",1,2026-05-16T15:06:05Z,2026-05-16T15:06:05Z
GET,views:list,"ConnectTimeoutError(<HTTPConnection(host='localhost', port=8000) at 0x111bf7150>, 'Connection to localhost timed out. (connect timeout=None)')",1,2026-05-16T15:05:55Z,2026-05-16T15:05:55Z
GET,announcements:list,"ConnectTimeoutError(<HTTPConnection(host='localhost', port=8000) at 0x111517250>, 'Connection to localhost timed out. (connect timeout=None)')",1,2026-05-16T15:05:39Z,2026-05-16T15:05:39Z
GET,cached-stats:no-target,"ConnectTimeoutError(<HTTPConnection(host='localhost', port=8000) at 0x111514250>, 'Connection to localhost timed out. (connect timeout=None)')",1,2026-05-16T15:05:41Z,2026-05-16T15:05:41Z
GET,views:list,"ConnectTimeoutError(<HTTPConnection(host='localhost', port=8000) at 0x111e77750>, 'Connection to localhost timed out. (connect timeout=None)')",1,2026-05-16T15:06:06Z,2026-05-16T15:06:06Z
GET,views:popular,"ConnectTimeoutError(<HTTPConnection(host='localhost', port=8000) at 0x111996e50>, 'Connection to localhost timed out. (connect timeout=None)')",1,2026-05-16T15:05:47Z,2026-05-16T15:05:47Z
GET,views:list,"ConnectTimeoutError(<HTTPConnection(host='localhost', port=8000) at 0x1116d6650>, 'Connection to localhost timed out. (connect timeout=None)')",1,2026-05-16T15:05:47Z,2026-05-16T15:05:47Z
GET,cached-stats:no-target,"ConnectTimeoutError(<HTTPConnection(host='localhost', port=8000) at 0x111b34c50>, 'Connection to localhost timed out. (connect timeout=None)')",1,2026-05-16T15:05:49Z,2026-05-16T15:05:49Z
GET,views:list,"ConnectTimeoutError(<HTTPConnection(host='localhost', port=8000) at 0x111930850>, 'Connection to localhost timed out. (connect timeout=None)')",1,2026-05-16T15:05:37Z,2026-05-16T15:05:37Z
GET,cached-stats:no-target,"ConnectTimeoutError(<HTTPConnection(host='localhost', port=8000) at 0x111ce6650>, 'Connection to localhost timed out. (connect timeout=None)')",1,2026-05-16T15:05:57Z,2026-05-16T15:05:57Z
GET,announcements:list,"ConnectTimeoutError(<HTTPConnection(host='localhost', port=8000) at 0x111a7b750>, 'Connection to localhost timed out. (connect timeout=None)')",1,2026-05-16T15:05:48Z,2026-05-16T15:05:48Z
GET,views:list,"ConnectTimeoutError(<HTTPConnection(host='localhost', port=8000) at 0x111bf4b50>, 'Connection to localhost timed out. (connect timeout=None)')",1,2026-05-16T15:05:53Z,2026-05-16T15:05:53Z
GET,views:list,"ConnectTimeoutError(<HTTPConnection(host='localhost', port=8000) at 0x111636850>, 'Connection to localhost timed out. (connect timeout=None)')",1,2026-05-16T15:05:40Z,2026-05-16T15:05:40Z
GET,views:list,"ConnectTimeoutError(<HTTPConnection(host='localhost', port=8000) at 0x111b37650>, 'Connection to localhost timed out. (connect timeout=None)')",1,2026-05-16T15:05:50Z,2026-05-16T15:05:50Z
GET,cached-stats:no-target,"ConnectTimeoutError(<HTTPConnection(host='localhost', port=8000) at 0x111c94450>, 'Connection to localhost timed out. (connect timeout=None)')",1,2026-05-16T15:05:57Z,2026-05-16T15:05:57Z
GET,views:list,"ConnectTimeoutError(<HTTPConnection(host='localhost', port=8000) at 0x111d87c50>, 'Connection to localhost timed out. (connect timeout=None)')",1,2026-05-16T15:06:00Z,2026-05-16T15:06:00Z
GET,views:list,"ConnectTimeoutError(<HTTPConnection(host='localhost', port=8000) at 0x111e77050>, 'Connection to localhost timed out. (connect timeout=None)')",1,2026-05-16T15:06:06Z,2026-05-16T15:06:06Z
GET,views:list,"ConnectTimeoutError(<HTTPConnection(host='localhost', port=8000) at 0x111c1a650>, 'Connection to localhost timed out. (connect timeout=None)')",1,2026-05-16T15:05:56Z,2026-05-16T15:05:56Z
GET,views:list,"ConnectTimeoutError(<HTTPConnection(host='localhost', port=8000) at 0x111c19150>, 'Connection to localhost timed out. (connect timeout=None)')",1,2026-05-16T15:05:55Z,2026-05-16T15:05:55Z
GET,views:list,"ConnectTimeoutError(<HTTPConnection(host='localhost', port=8000) at 0x111c1b050>, 'Connection to localhost timed out. (connect timeout=None)')",1,2026-05-16T15:05:57Z,2026-05-16T15:05:57Z
GET,cached-stats:no-target,"ConnectTimeoutError(<HTTPConnection(host='localhost', port=8000) at 0x111092850>, 'Connection to localhost timed out. (connect timeout=None)')",1,2026-05-16T15:05:39Z,2026-05-16T15:05:39Z
GET,announcements:list,"ConnectTimeoutError(<HTTPConnection(host='localhost', port=8000) at 0x111ae1650>, 'Connection to localhost timed out. (connect timeout=None)')",1,2026-05-16T15:05:50Z,2026-05-16T15:05:50Z
GET,cached-stats:no-target,"ConnectTimeoutError(<HTTPConnection(host='localhost', port=8000) at 0x111d3ef50>, 'Connection to localhost timed out. (connect timeout=None)')",1,2026-05-16T15:05:58Z,2026-05-16T15:05:58Z
GET,cached-stats:no-target,"ConnectTimeoutError(<HTTPConnection(host='localhost', port=8000) at 0x111d3d650>, 'Connection to localhost timed out. (connect timeout=None)')",1,2026-05-16T15:05:59Z,2026-05-16T15:05:59Z
GET,views:list,"ConnectTimeoutError(<HTTPConnection(host='localhost', port=8000) at 0x111a48650>, 'Connection to localhost timed out. (connect timeout=None)')",1,2026-05-16T15:05:48Z,2026-05-16T15:05:48Z
GET,cached-stats:no-target,"ConnectTimeoutError(<HTTPConnection(host='localhost', port=8000) at 0x111eb5150>, 'Connection to localhost timed out. (connect timeout=None)')",1,2026-05-16T15:06:06Z,2026-05-16T15:06:06Z
GET,views:popular,"ConnectTimeoutError(<HTTPConnection(host='localhost', port=8000) at 0x111e49b50>, 'Connection to localhost timed out. (connect timeout=None)')",1,2026-05-16T15:06:05Z,2026-05-16T15:06:05Z
